{"sample_complexity":14640000,"k_results":{"1":{"sample_complexity":14640000,"effective_horizon":4.068028002475996815278159752671571663873352279103529764663045338811999178483857}},"effective_horizon":4.068028002475996815278159752671571663873352279103529764663045338811999178483857}