{"min_k":1,"effective_horizon_results":{"ms":[6667295335345,1392035355359,278809136916,54268730212,10344878490,3881656204,719169930,131899527,23989567,4332647,1555678,277857,49406,17501,3089,1],"effective_horizon":16.0,"gaps":[1.7014579925843832e-11,1.02087479555063e-10,6.12524877330378e-10,3.6751492639822676e-9,2.2050895583893606e-8,6.615268675168082e-8,3.9691612051008487e-7,2.381496723060509e-6,1.4288980338363054e-5,8.573388203017832e-5,0.00025720164609053495,0.0015432098765432098,0.009259259259259259,0.027777777777777776,0.16666666666666666,null],"vars":[1.7014579925843832e-11,1.02087479555063e-10,6.12524877330378e-10,3.6751492639822676e-9,2.2050895583893606e-8,6.615268675168082e-8,3.9691612051008487e-7,2.381496723060509e-6,1.4288980338363054e-5,8.573388203017832e-5,0.00025720164609053495,0.0015432098765432098,0.009259259259259259,0.027777777777777776,0.16666666666666666,0.771653863289306],"ks":[1,2,3,4,5,6,7,8,9,10,11,12,13,14,15,16]},"effective_horizon":16.0,"epw":15,"min_occupancy_results":{"min_state_occupancy":2.1750839026814706e-6,"min_sum_state_action_occupancy":4.8480201837265155e-6,"min_sum_state_occupancy":2.908812110235909e-5,"min_state_action_occupancy":3.6251398378024507e-7}}