{"num_states":899,"min_k":1,"greedy_returns":[1.0,1.0,1.0,1.0,1.0],"optimal_return":0.999999999999998,"random_return":0.0010068890119441542,"epw":16,"worst_return":0.0}