{"min_occupancy_results":{"min_state_occupancy":0.0016370276004928355,"min_sum_state_action_occupancy":4.326269436571074e-10,"min_sum_state_occupancy":0.0016370276004928355,"min_state_action_occupancy":4.326269436571074e-10},"min_k":1,"effective_horizon_results":{"ms":[21457,4633,1945,701,1],"effective_horizon":5.0,"gaps":[0.046916839919064965,0.29321092241218827,0.879254301777048,2.941689193248749,null],"vars":[0.4691683991906497,2.9321092241218825,8.79254301777048,29.416891932487488,72.86797956638972],"ks":[1,2,3,4,5]},"effective_horizon":5.0,"epw":1}