{"min_k":1,"effective_horizon_results":{"ms":[919,353,169,142,138,151,160],"effective_horizon":7.210822683066673,"gaps":[0.07128945917859499,0.2355284005701475,0.5977111952595102,0.8334262736293204,0.9862345481048056,1.0,1.0],"vars":[0.07128945917859499,0.2355284005701475,0.5977111952595102,0.8334262736293204,0.9862345481048056,0.9782821417442022,0.9308969974517822],"ks":[1,2,3,4,5,6,7]},"effective_horizon":7.210822683066673,"epw":6,"min_occupancy_results":{"min_state_occupancy":1.2732832853176312e-10,"min_sum_state_action_occupancy":5.2772854186768344e-14,"min_sum_state_occupancy":1.2732832853176312e-10,"min_state_action_occupancy":5.2772854186768344e-14}}