{"sample_complexity":600,"k_results":{"2":{"sample_complexity":5400,"effective_horizon":3.630929753571457437099527114342760854299585640131880427870654943838685201380897},"3":{"sample_complexity":18900,"effective_horizon":4.771243749161422260067928307082457718066471334594243479368992577279886198702835},"1":{"sample_complexity":600,"effective_horizon":1.630929753571457437099527114342760854299585640131880427870654943838685201380915}},"effective_horizon":1.630929753571457437099527114342760854299585640131880427870654943838685201380915}