{"min_k":1,"effective_horizon_results":{"ms":[5307,2244,1020,505,262,69,57,1],"effective_horizon":8.0,"gaps":[0.012345679012345678,0.037037037037037035,0.09876543209876544,0.23456790123456792,0.5185185185185185,1.0,1.0,null],"vars":[0.012345679012345678,0.037037037037037035,0.09876543209876544,0.23456790123456792,0.5185185185185185,0.4444444444444444,0.3333333333333333,0.4444444444444444],"ks":[1,2,3,4,5,6,7,8]},"effective_horizon":8.0,"epw":6,"min_occupancy_results":{"min_state_occupancy":0.0001524157902758725,"min_sum_state_action_occupancy":5.080526342529083e-5,"min_sum_state_occupancy":0.0001524157902758725,"min_state_action_occupancy":5.080526342529083e-5}}