{"sample_complexity":11100,"k_results":{"2":{"sample_complexity":54900,"effective_horizon":5.741878646885593419415856250921906086063394684760120928935734583789700676346726},"3":{"sample_complexity":97200,"effective_horizon":6.261859507142914874199054228685521708599171280263760855741309887677370402761795},"1":{"sample_complexity":11100,"effective_horizon":4.286799128218272844528773667030251674072912767374969415312432433507512658199939}},"effective_horizon":4.286799128218272844528773667030251674072912767374969415312432433507512658199939}