{"min_occupancy_results":{"min_state_occupancy":0.00045724737082761767,"min_sum_state_action_occupancy":5.080526342529085e-5,"min_sum_state_occupancy":0.00045724737082761767,"min_state_action_occupancy":5.080526342529085e-5},"min_k":1,"effective_horizon_results":{"ms":[73385,11002,4617,1856,1],"effective_horizon":5.0,"gaps":[0.013717421124828533,0.1234567901234568,0.3703703703703704,1.1111111111111112,null],"vars":[0.13717421124828533,1.234567901234568,3.703703703703704,11.11111111111111,57.24248088445204],"ks":[1,2,3,4,5]},"effective_horizon":5.0,"epw":1}