{"sample_complexity":16200,"k_results":{"2":{"sample_complexity":1166400,"effective_horizon":3.26185950714291487419905422868552170859917128026376085574130988767737040276183},"1":{"sample_complexity":16200,"effective_horizon":1.315464876785728718549763557171380427149792820065940213935327471919342600690449}},"effective_horizon":1.315464876785728718549763557171380427149792820065940213935327471919342600690449}