{"min_k":1,"effective_horizon_results":{"ms":[157151,16197,5708,1807,1],"effective_horizon":5.0,"gaps":[0.006405667845600217,0.08385617992011643,0.2995888174318173,1.14104762673378,null],"vars":[0.06405667845600217,0.8385617992011642,2.995888174318173,11.410476267337799,42.560134820870076],"ks":[1,2,3,4,5]},"effective_horizon":5.0,"epw":1,"min_occupancy_results":{"min_state_occupancy":0.0006436213457715351,"min_sum_state_action_occupancy":4.2578066191686665e-5,"min_sum_state_occupancy":0.0006436213457715351,"min_state_action_occupancy":4.2578066191686665e-5}}