{"sample_complexity":300,"k_results":{"2":{"sample_complexity":1800,"effective_horizon":2.630929753571457437099527114342760854299585640131880427870654943838685201380897},"3":{"sample_complexity":5400,"effective_horizon":3.630929753571457437099527114342760854299585640131880427870654943838685201380897},"1":{"sample_complexity":300,"effective_horizon":1.0}},"effective_horizon":1.0}