{"min_k":1,"effective_horizon_results":{"ms":[280,91,103,119,136,154],"effective_horizon":6.105961268634215,"gaps":[0.23450651134921524,0.9198021189872413,0.9867521491123281,0.9981305069573271,0.9999996967418131,1.0],"vars":[0.23450651134921524,0.9198021189872413,0.9867521491123281,0.9981305069573271,0.9999996967418131,0.9999986949131142],"ks":[1,2,3,4,5,6]},"effective_horizon":6.105961268634215,"epw":6,"min_occupancy_results":{"min_state_occupancy":2.997777343526967e-13,"min_sum_state_action_occupancy":1.525107048196644e-16,"min_sum_state_occupancy":2.997777343526967e-13,"min_state_action_occupancy":1.525107048196644e-16}}