{"sample_complexity":16200,"k_results":{"1":{"sample_complexity":16200,"effective_horizon":1.315464876785728718549763557171380427149792820065940213935327471919342600690449}},"effective_horizon":1.315464876785728718549763557171380427149792820065940213935327471919342600690449}